epoch#, log10(loss), log10(val_loss)
0, -2.6510767713414207, -2.819553426088701
1, -2.8095542377651608, -2.833656504159812
2, -2.8241524302376737, -2.8422074661732672
3, -2.832864949820131, -2.8485952317614394
4, -2.8406124790511162, -2.8544975141263254
5, -2.8483954858786076, -2.8619253738494232
6, -2.855831891311186, -2.867041119164174
7, -2.8636014805733643, -2.8730574476018376
8, -2.8716545693607185, -2.8788711475973416
9, -2.8787069202319415, -2.8768315886936247
10, -2.88561537810834, -2.886388203661576
11, -2.892352851140283, -2.8935377263908526
12, -2.898195344514754, -2.892956679454933
13, -2.9039218538115654, -2.899012180292715
14, -2.9100310804955662, -2.90315552550139
15, -2.915821695108407, -2.904507704403894
16, -2.9210855536468783, -2.909466220891261
17, -2.925674070814249, -2.9051697694774816
18, -2.9306074014229786, -2.9148852032187644
19, -2.9352242240300814, -2.9169649530296495
20, -2.939542655377925, -2.923633454139602
21, -2.9449055165183617, -2.927908174858467
22, -2.948630890102352, -2.9233832880534227
23, -2.952601137725006, -2.932796146810665
24, -2.9562846752423835, -2.933640998018459
25, -2.9604195256334878, -2.938175278716175
26, -2.9643665392584726, -2.941069972085831
27, -2.968129873123081, -2.943745731281469
28, -2.9707305853399446, -2.947376243572458
29, -2.974531884919283, -2.943956670028048
30, -2.9773753987566542, -2.9499467930133427
31, -2.9802145617746225, -2.944264109637496
32, -2.9844443128623674, -2.95235460690482
33, -2.986615891389541, -2.952180397645751
34, -2.989672396139586, -2.9572122144663284
35, -2.992893885978209, -2.9583788986712642
36, -2.9945365521744014, -2.9581143755928356
37, -2.9970702588966502, -2.962513796318583
38, -3.000301969322792, -2.964762055304593
39, -3.0024262733015603, -2.9651349287031503
40, -3.004016920578258, -2.9671604647140137
41, -3.0069099933585886, -2.9639022397893324
42, -3.0101252614939513, -2.971191411660163
43, -3.0110049634184173, -2.9723735877786353
44, -3.0128311226871523, -2.9749078527964343
45, -3.016140986126524, -2.970829518922046
46, -3.017900710973197, -2.9735503801511407
47, -3.0190747969945906, -2.9747479241173114
48, -3.0210361232179426, -2.980263499404287
49, -3.0237117985533515, -2.980106561014061
50, -3.0254528330419235, -2.973733663390244
51, -3.027025113781576, -2.979818336293897
52, -3.028261742559341, -2.981873541377448
53, -3.0299557093178766, -2.977326113655306
54, -3.031871903651107, -2.9878138301033466
55, -3.033978011705622, -2.9786714860886527
56, -3.035569336647127, -2.9821360096163256
57, -3.0370339115821907, -2.989598988524489
58, -3.038287347492765, -2.989150913348923
59, -3.0397691389782824, -2.992705220982084
60, -3.0419251825962026, -2.9912933850325496
61, -3.0418705335462803, -2.9875492354697974
62, -3.044110115044702, -2.9944677589244417
63, -3.0458473610652566, -2.9960701025101435
64, -3.0461410976769345, -2.995413446995626
65, -3.0488195026078584, -2.9943391876985506
66, -3.049561986792591, -2.9929453181182115
67, -3.0508076589574684, -2.993709359587533
68, -3.051813036002696, -2.993712449150482
69, -3.0538721501771824, -3.0002561338512663
70, -3.054310366986913, -3.0020097738718747
71, -3.0560165320406085, -2.9981541226863717
72, -3.0566521500071406, -2.9989866550170214
73, -3.05703685049821, -3.0036946431807854
74, -3.059709200667409, -2.995302400373794
75, -3.0599602539381086, -3.001757558080649
76, -3.0612553374750457, -3.0033478934104396
77, -3.0626418320590054, -3.007231119399888
78, -3.0637592357487917, -3.003430236067134
79, -3.0647205782007116, -3.0031484707989873
80, -3.066191912440356, -3.010385259282311
81, -3.0660713966508486, -3.0105878522381193
82, -3.067263600025051, -3.0110937759814487
83, -3.069159105654632, -3.01214961119459
84, -3.0697281217722883, -3.0142641546796693
85, -3.070497922573982, -3.0110611271501155
86, -3.0721608589598643, -3.012538848461926
87, -3.0720708446311757, -3.0155412673204633
88, -3.073799865149106, -3.0172825648587445
89, -3.074401670216011, -3.009000150112126
90, -3.0754636070691577, -3.015234413416442
91, -3.0762172873294267, -3.0125389265212172
92, -3.0773132481000394, -3.0143933276541888
93, -3.0782645965632085, -3.016010925172542
94, -3.079654083659641, -3.015523294308838
95, -3.0795207575169017, -3.013226626714725
96, -3.0809632220837644, -3.0113096208233485
97, -3.0819608608792755, -3.02072159851843
98, -3.081756969045358, -3.0228582000403637
99, -3.0833450305843475, -3.023134947650522
100, -3.0842356985522, -3.0219478014421624
101, -3.0852466134921865, -3.0195679943553984
102, -3.0853297704696985, -3.026007731117686
103, -3.087552256210754, -3.0243801057704744
104, -3.085897404299857, -3.0184394958857195
105, -3.0872967321476765, -3.023095675695916
106, -3.0878700391718366, -3.022203695626359
107, -3.0897455167128527, -3.0198848864859693
108, -3.089230388321741, -3.0273435655413645
109, -3.0907576707502984, -3.028061927938244
110, -3.0907160813555308, -3.0229444598484063
111, -3.0922092187106207, -3.028341337967546
112, -3.0923587870357476, -3.0268269158917547
113, -3.0934001888131957, -3.0253982345029713
114, -3.0940308010460273, -3.0280249313224417
115, -3.0955219166407297, -3.0252034564727928
116, -3.0952038378655082, -3.0294008866249262
117, -3.0960115808371955, -3.031242011559894
118, -3.096278848781379, -3.0216269565883755
119, -3.0968497055183475, -3.0317207016868015
120, -3.0979503099625156, -3.032839383379088
121, -3.0981483546906636, -3.0312306296589338
122, -3.100039915167619, -3.0212284302040757
123, -3.0994222301277086, -3.0273756308790807
124, -3.099561205014111, -3.034515916414017
125, -3.101233754111929, -3.0400217014953226
126, -3.101329255031109, -3.0327338810481566
127, -3.101192968341197, -3.037050071701082
128, -3.1035159995567123, -3.0372589134259265
129, -3.104139024709977, -3.0339219208866437
130, -3.1035115720693427, -3.0293340515140645
131, -3.1042255258415636, -3.042503413717701
132, -3.1047462139010427, -3.0370278276046525
133, -3.1065076948909405, -3.0357467793785196
134, -3.106580904597057, -3.0398344685878733
135, -3.106753897824219, -3.0362850393618768
136, -3.1064231281659973, -3.038173475001629
137, -3.1075855691612, -3.036974424400595
138, -3.1078734741249496, -3.0349114064227476
139, -3.1080956480641144, -3.039452271915633
140, -3.109227080128778, -3.0365467475399166
141, -3.1101185211901003, -3.040151808825891
142, -3.1100100603455387, -3.0309049186221335
143, -3.1110202501548634, -3.035832947303952
144, -3.110650501683338, -3.0426405692313603
145, -3.1125776101902876, -3.046676978788341
146, -3.1115587623901053, -3.035697759956899
147, -3.1135238277761275, -3.043227517317396
148, -3.113128685718626, -3.0399731949935007
149, -3.113363673320747, -3.03711623259756
150, -3.1134430374233717, -3.0366323592421107
151, -3.1141860475685674, -3.042205579387208
152, -3.1142425744005187, -3.0407191584192765
153, -3.1163141760214024, -3.0392258544579382
154, -3.115695062465536, -3.0456950908051073
155, -3.115606147711267, -3.0428492156549454
156, -3.1170434177197377, -3.0378119035267805
157, -3.117367108928859, -3.040418438522124
158, -3.117931960737792, -3.043091404652181
159, -3.1184101164151588, -3.0408473086510672
160, -3.1191292863167237, -3.043543295415255
161, -3.1186982793986813, -3.0509626991826266
162, -3.1187471558705377, -3.0467842907130613
163, -3.1190819962751077, -3.042791548926015
164, -3.1202853688179992, -3.0430231270632104
165, -3.119983254893951, -3.0466918972748656
166, -3.120279166419433, -3.041935678896315
167, -3.1219285192646384, -3.0498500530539894
168, -3.1224675995769324, -3.041920867214838
169, -3.12179458148606, -3.0412691524401785
170, -3.1228511071021785, -3.051802383693331
171, -3.122890288326185, -3.046643794030706
172, -3.1229915452221544, -3.048959827849436
173, -3.124267632083593, -3.0487459065664617
174, -3.1230826899056363, -3.049552267924088
175, -3.1243004792818643, -3.039456119901381
176, -3.125345919837454, -3.0504780094529615
177, -3.1256470621866743, -3.0526674097190334
178, -3.125589267703597, -3.043940578851546
179, -3.12605325833658, -3.0463577334353524
180, -3.1274506528546695, -3.0530691328251103
181, -3.1273502829912743, -3.0518749327987127
182, -3.12713860271034, -3.0373702596139083
183, -3.127851787580749, -3.0498791736001225
184, -3.128187883580885, -3.0536433251138977
185, -3.128044125814912, -3.0534484411078795
186, -3.12874434924895, -3.053264703991512
187, -3.1295360668997576, -3.0485184090605384
188, -3.1292164562364992, -3.0566624322999227
189, -3.1291822140274386, -3.054361905484962
190, -3.1301477487455998, -3.0505575228403803
191, -3.1305773679966067, -3.0530303719067153
192, -3.1313495523299806, -3.0528268267630487
193, -3.1315833511559195, -3.05061534957489
194, -3.1313056328615723, -3.0511023822494656
195, -3.130945038669028, -3.0501813258674204
196, -3.132611738776281, -3.055376788735815
197, -3.1320166204729647, -3.053678364895637
198, -3.132396964695323, -3.0573269193819925
199, -3.132126813018158, -3.0532265828469485
200, -3.1324672296084755, -3.0501873699224533
201, -3.1335071341020124, -3.053176264630588
202, -3.13469670329096, -3.057700871774809
203, -3.1342974646814046, -3.0553465219206326
204, -3.134567350724903, -3.0585642864323486
205, -3.1348737164407057, -3.0532134098260615
206, -3.1350873729851445, -3.0501903210409185
207, -3.1354968357991146, -3.0593078112581895
208, -3.1353377960412505, -3.0568986176153476
209, -3.136305226618208, -3.0563598545524937
210, -3.1360287263405247, -3.0545555088061445
211, -3.1360211885179683, -3.0576545070497394
212, -3.1364023928523155, -3.0598106141715427
213, -3.137787886145104, -3.0581037545453738
214, -3.136919698245118, -3.053922005288109
215, -3.1376516401073573, -3.063932559744946
216, -3.138658752357675, -3.0571002171383364
217, -3.1376700351655447, -3.0566240981550963
218, -3.1383144578355386, -3.0581137533782954
219, -3.138925689284017, -3.0549185613548544
220, -3.139522235818111, -3.064899863550001
221, -3.1395306363722955, -3.0544206708457624
222, -3.1396639864299853, -3.064207108970966
223, -3.1397863209988324, -3.059438957673735
224, -3.1404310995162743, -3.0614404487500426
225, -3.140791899081775, -3.061853550509303
226, -3.140754459834472, -3.0555874800863876
227, -3.1410182113084297, -3.061057182924892
228, -3.141736603328963, -3.0550902000662363
229, -3.1419827933694977, -3.059133831673808
230, -3.1433185747637817, -3.0549264790004993
231, -3.1425283779786644, -3.0580046456175474
232, -3.142679399468854, -3.0549152623784375
233, -3.142830368123706, -3.0590773214139517
234, -3.142776703097188, -3.0569978203268224
235, -3.143517536100055, -3.0590776400057744
236, -3.1438032825802376, -3.0624129812116636
237, -3.1437541433227625, -3.0618825835059593
238, -3.1433592248239215, -3.0628187712455683
239, -3.1449031535710774, -3.062779919060865
240, -3.145318377649182, -3.0634239115932815
241, -3.144398851525695, -3.0483287492670876
242, -3.1456976870501974, -3.064590731319896
243, -3.1443447456242843, -3.065561444118847
244, -3.1458146601858195, -3.0620198460759114
245, -3.1452203970024213, -3.0603657619960734
246, -3.145348546293256, -3.066925117852187
247, -3.1470264840813242, -3.0644902777123244
248, -3.1462481739049557, -3.0624304640927544
249, -3.1473806327150116, -3.0599373273018586
250, -3.1468079728067266, -3.0664710463734743
251, -3.147142432234659, -3.058998665348706
252, -3.1484034723696044, -3.061068588400798
253, -3.147882334751003, -3.06525154700672
254, -3.1475873232711087, -3.0618344294350486
255, -3.148242552354428, -3.066018008307643
256, -3.1481604435196666, -3.0611486679308544
257, -3.1480921083750957, -3.0653861171661947
258, -3.1481589501289546, -3.0681128687926305
259, -3.1496059265369682, -3.067731619486872
260, -3.1495636174240644, -3.0632956800708535
261, -3.149635288487414, -3.065373833706195
262, -3.1498114661972862, -3.0703345615695627
263, -3.1495170678927265, -3.069270785556415
264, -3.1508677102862257, -3.0624544275823915
265, -3.1501139576509467, -3.0667447588290364
266, -3.1513968151377303, -3.0656609696118746
267, -3.150548068097319, -3.0653302566734597
268, -3.15126249986996, -3.0723367929379726
269, -3.150112850416581, -3.0642486389950334
270, -3.1519041851650598, -3.0723628024623992
271, -3.1523090006636005, -3.0678127598936644
272, -3.152383101003822, -3.0663042159193865
273, -3.151014859805516, -3.067234500196938
274, -3.153246525806074, -3.0649612466823237
275, -3.1523210626481477, -3.0665130880957436
276, -3.1537253763431763, -3.0619532210798623
277, -3.1528139159711355, -3.066214818343556
278, -3.152560792274607, -3.066655447368913
279, -3.153874938582455, -3.0704763655100713
280, -3.1542946866905335, -3.066625798845949
281, -3.1536060372679144, -3.0683895120820797
282, -3.153882900829569, -3.0704837096585673
283, -3.1534504487793407, -3.059109992774123
284, -3.153966279007954, -3.06126564200558
285, -3.15583676078011, -3.0708072430077604
286, -3.1538466935981706, -3.070113713151684
287, -3.155235609346566, -3.06848154864195
288, -3.155016469527489, -3.0679445197646853
289, -3.1549400043760234, -3.0713299503510596
290, -3.1562459123507876, -3.0617021789563212
291, -3.1555899355695756, -3.072457745967311
292, -3.156002511237541, -3.0699873820197405
293, -3.156326919373971, -3.0671112754783265
294, -3.156022822643523, -3.0692191370733735
295, -3.156615965121709, -3.062462367056926
296, -3.157437179091419, -3.0743082506110375
297, -3.1554751817663007, -3.0707150693064076
298, -3.157023093739025, -3.0686976892762505
299, -3.157059094959591, -3.0678151240075167
300, -3.15757948612341, -3.0699747301382896
301, -3.1574293693583035, -3.072241487763469
302, -3.1576407902457357, -3.0681130166515085
303, -3.158378790044924, -3.069658790247325
304, -3.158672520057019, -3.071004092506549
305, -3.157434854318974, -3.0688068514207454
306, -3.158239168630046, -3.0718336614798303
307, -3.1586947782199966, -3.066764716408401
308, -3.1591263238213125, -3.067455217658948
309, -3.1596274399253064, -3.0766214120358435
310, -3.1594116928187517, -3.068621712508936
311, -3.1603786639058904, -3.0667933720256557
312, -3.1596977241363478, -3.0639034772456912
313, -3.159805089251622, -3.0747246536458066
314, -3.159691480247384, -3.0685901827961923
315, -3.1600272074701583, -3.0716677997573507
316, -3.161130310335444, -3.071816124020475
317, -3.160499586214952, -3.0714942525286193
318, -3.160306368010062, -3.074508974556619
319, -3.160707932459512, -3.0739896531286717
320, -3.1594223480856014, -3.0761695056909537
321, -3.1619140877095404, -3.074997700568596
322, -3.1609455633034096, -3.0717046822614393
323, -3.162402927165603, -3.0773422155855004
324, -3.1609907538689956, -3.0768208548682714
325, -3.1609925484050567, -3.072920904233821
326, -3.1614969603986958, -3.0677390355515315
327, -3.162744434935167, -3.0741794341191486
328, -3.162022149057753, -3.0785825903986903
329, -3.162785252987797, -3.06901393803375
330, -3.162845273524706, -3.071533802794652
331, -3.1626945023907393, -3.0729634255030884
332, -3.1631534139013224, -3.0741636008753614
333, -3.162666891202775, -3.072581959466098
334, -3.1634973174753767, -3.0738754647275193
335, -3.162962874566139, -3.0709778665494407
336, -3.1637200427172605, -3.071840968963581
337, -3.162484760174284, -3.076729537775786
338, -3.163126840828139, -3.0763951438846258
339, -3.1639877220068193, -3.066531797528771
340, -3.1644182865879715, -3.073930457230624
341, -3.1636595326829955, -3.0753720336194035
342, -3.1658271502009256, -3.0764631777549947
343, -3.1645500870279344, -3.076604222975672
344, -3.164398612250472, -3.0754344939413834
345, -3.1647286905984173, -3.0802674068268576
346, -3.164567035701126, -3.0755061674774584
347, -3.165075323108811, -3.0777498984421654
348, -3.164689720982628, -3.0717631878559053
349, -3.1659167428283057, -3.08042621211458
350, -3.1654311862876168, -3.0714267839751335
351, -3.165762272825616, -3.075087662534121
352, -3.1662973934326817, -3.076583204996817
353, -3.1657250615817447, -3.0742124818778622
354, -3.1662512766316717, -3.0745810057632794
355, -3.166728176920113, -3.0757298059788925
356, -3.1658724071676936, -3.0829161531775733
357, -3.1667859241427494, -3.0801183572849617
358, -3.1672232485354987, -3.075347226402884
359, -3.1666623114099726, -3.0746891650476518
360, -3.166820405419433, -3.078198701248532
361, -3.1662960217208322, -3.071720933024888
362, -3.166942169610677, -3.077417950977114
363, -3.167530831282698, -3.0801008468657227
364, -3.167015578727929, -3.0790358636419595
365, -3.1681660491429797, -3.0702651628903017
366, -3.168190400346574, -3.0764932643625347
367, -3.167993842448656, -3.0797660655178207
368, -3.169527789782599, -3.0795936855806
369, -3.1681002630394888, -3.0771762299892256
370, -3.1682106195852207, -3.0777625974560214
371, -3.168809729660532, -3.078788239927616
372, -3.1693159541032245, -3.073700134590224
373, -3.1687191282079823, -3.080926641351257
374, -3.1687545835624342, -3.077561361773329
375, -3.168333854412697, -3.082019512769098
376, -3.1697743333312824, -3.0818114427466203
377, -3.168771212412419, -3.0758685058582156
378, -3.1691051172309743, -3.078230482306428
379, -3.170141250717824, -3.0828300614032846
380, -3.169770073018225, -3.078367863764542
381, -3.169684838168677, -3.075974938685287
382, -3.169440548615748, -3.0778540110764268
383, -3.1703196245488736, -3.0802753441916706
384, -3.170815999962565, -3.0838688904081315
385, -3.1692028157693595, -3.078361747579253
386, -3.170432081106852, -3.0757326650127568
387, -3.1709932645711403, -3.081670679598019
388, -3.170532512023595, -3.0803429241075797
389, -3.171490861190032, -3.0736918072707677
390, -3.1710812305612186, -3.084410606705034
391, -3.171482081750589, -3.082285056695493
392, -3.1714653862977285, -3.085693781124993
393, -3.1726367493083836, -3.0827969019606143
394, -3.171478742608671, -3.0760504962300215
395, -3.1723474843388266, -3.0819452603828084
396, -3.172127280272541, -3.081447529410947
397, -3.171685968116345, -3.076503755974333
398, -3.171975356085315, -3.077972608323841
399, -3.172423467305744, -3.0828420532642067
400, -3.1725947315023335, -3.0843850935990824
401, -3.172240431447722, -3.0821179045230642
402, -3.1727802498846343, -3.082703218804131
403, -3.1731642172111663, -3.0795452881548266
404, -3.1728505124750854, -3.0778281544621864
405, -3.1723548151193914, -3.0806374239822545
406, -3.174294180501985, -3.078764539968235
407, -3.172146180593278, -3.078617610902801
408, -3.1734750580237665, -3.0833925362097334
409, -3.1744991649671017, -3.081754771930173
410, -3.1747355818934855, -3.0830572900460185
411, -3.172982299597086, -3.0781512761279632
412, -3.174462557549214, -3.082570390362271
413, -3.1733463617789215, -3.0790184877840545
414, -3.174571897836855, -3.081445882747198
415, -3.174665051482527, -3.0770348479785987
416, -3.1747176647231004, -3.0833276652213715
417, -3.17441144832863, -3.084216885848067
418, -3.1743444828219047, -3.069351798879213
419, -3.174493271304428, -3.078199609246483
420, -3.1746624058700665, -3.0832195990542828
421, -3.175832506400842, -3.0804840790011565
422, -3.175033591568895, -3.084144251292302
423, -3.1756306417638793, -3.0846121853043798
424, -3.1760450430284535, -3.0862732382054556
425, -3.1759648984014914, -3.078481846461157
426, -3.1760033765918045, -3.083625238747308
427, -3.1770607177852774, -3.087382292005827
428, -3.1757738847603596, -3.078284939258767
429, -3.1753614076562187, -3.078258330478412
430, -3.1760206644551876, -3.0815109917096852
431, -3.1763209612939347, -3.08028249098525
432, -3.1765547661494047, -3.0820620182035317
433, -3.1770726510916636, -3.0845925883977117
434, -3.1767275157267374, -3.0819525568270545
435, -3.1766438280098086, -3.074636778128164
436, -3.1763222891595597, -3.082414374949389
437, -3.17701686380084, -3.086053474269309
438, -3.1767266802887137, -3.0851725762653417
439, -3.1775055500853786, -3.0817555043006664
440, -3.1773388034120584, -3.0841794776881573
441, -3.1776699251515126, -3.083576788350086
442, -3.177030923954812, -3.082934848422952
443, -3.1771527343410613, -3.0841401090031892
444, -3.1780071648316817, -3.085126013407414
445, -3.177802307521265, -3.072640852304833
446, -3.178655996588641, -3.082996478056842
447, -3.177399804576646, -3.075043400360557
448, -3.1773566008715823, -3.0828673229123074
449, -3.178089096726586, -3.0837494692993257
450, -3.1776260476639044, -3.084360441564317
451, -3.17835709263523, -3.084538225433182
452, -3.1795086153140506, -3.0777480238572874
453, -3.178051118933436, -3.0807383343687738
454, -3.1790415313673543, -3.084374962456521
455, -3.178728475271953, -3.079315883657789
456, -3.1794521703310537, -3.0915736279545696
457, -3.179464742749096, -3.0865049600311307
458, -3.179071119835861, -3.0842393813955353
459, -3.179316610050707, -3.087947385451056
460, -3.178169405744659, -3.087722441646485
461, -3.1796018783462032, -3.0836088122005645
462, -3.179535369053354, -3.086450141242187
463, -3.1789095340883557, -3.0824447238704864
464, -3.1798561600525157, -3.0885074502939176
465, -3.1801390273563346, -3.0853480160653195
466, -3.179088606613996, -3.0856083993030614
467, -3.1804185172340382, -3.0785972829133925
468, -3.179976469968116, -3.085249935774153
469, -3.1802774863664887, -3.0844379635776273
470, -3.180331396642427, -3.0931230330590838
471, -3.1809171831842766, -3.073630196058837
472, -3.1798320638213973, -3.0828082505254866
473, -3.1810365984794355, -3.0862502362359496
474, -3.1816245665918466, -3.0903672922340597
475, -3.180705430252949, -3.0863308718143188
476, -3.181651758261708, -3.0837276428541753
477, -3.18175931262271, -3.0908253438059172
478, -3.182081020694288, -3.084070616488531
479, -3.1803341535977623, -3.084030858885069
480, -3.181138744933697, -3.0853150945519103
481, -3.1813868656112083, -3.0821793572367504
482, -3.1804743984963855, -3.083411190709808
483, -3.1811002693781987, -3.081802378581285
484, -3.1824285147435, -3.08291924349813
485, -3.1816806416739762, -3.0849414103664343
486, -3.1826956991869526, -3.0878030416252478
487, -3.182126657896987, -3.0860435814968747
488, -3.1813646417878703, -3.08631736469652
489, -3.182239175817229, -3.090617684557376
490, -3.182246906245542, -3.0866321156656955
491, -3.1822870989983065, -3.085626687397134
492, -3.182595225942254, -3.0913883236002975
493, -3.1823446830407973, -3.085791653712041
494, -3.1824001586576065, -3.081597798510074
495, -3.1821190449553494, -3.087403622774544
496, -3.183464838850493, -3.088695963233426
497, -3.183388017803728, -3.086894659702013
498, -3.1831093470716807, -3.083685280609594
499, -3.182922869791842, -3.081472962010608
500, -3.1835809060531544, -3.085512476393223
501, -3.184097277538519, -3.0838193396926306
502, -3.1826281755253576, -3.086781658333803
503, -3.183822165850363, -3.0884085300153683
504, -3.1827370501010614, -3.0866843648670903
505, -3.183794258990704, -3.0893287507406417
506, -3.183263328228396, -3.0900276470630312
507, -3.184097084416566, -3.0881782062273153
508, -3.184796632960314, -3.085030073985881
509, -3.1837329319581267, -3.0873752438081885
510, -3.1833889818390957, -3.0831678262393356
511, -3.1842952340682578, -3.0894185942203367
512, -3.185150566529969, -3.088861324290782
513, -3.1846185174803803, -3.087109041717428
514, -3.1849560512018753, -3.090076324845583
515, -3.1852799045354643, -3.086675568784762
516, -3.185000249822205, -3.07937694113375
517, -3.1842970502464594, -3.0911068048379495
518, -3.185077434030544, -3.0842194023452887
519, -3.185151340894421, -3.0897766931510193
520, -3.1849646041740685, -3.0917754368637675
521, -3.1852271965843797, -3.089110601310059
522, -3.1853970002650764, -3.089712073690036
523, -3.184780655668966, -3.093653277270654
524, -3.1853113929397634, -3.0891853129906366
525, -3.1857486320894455, -3.08683336979193
526, -3.1850209573781956, -3.0945328334185804
527, -3.1853838675479205, -3.092689621004148
528, -3.1868839108968476, -3.082213080512281
529, -3.1861486672002868, -3.087866325411385
530, -3.185642721147813, -3.088473482645691
531, -3.186279506224435, -3.0913109860093546
532, -3.1858848966683553, -3.0897245679009386
533, -3.1864934902550215, -3.0878775286853486
534, -3.186543128180366, -3.093281753197991
535, -3.186065666375232, -3.0836551513685126
536, -3.1861666741482657, -3.0942928005978287
537, -3.185813152730345, -3.089709245448405
538, -3.186211345468911, -3.090184088558847
539, -3.1864426929942047, -3.0891648878313207
540, -3.186429179127257, -3.0882034166237466
541, -3.186882977945181, -3.095050108796229
542, -3.187803141700265, -3.0925974714362163
543, -3.186925895796294, -3.0898106696246406
544, -3.1874146575398625, -3.0943893947145598
545, -3.1867613226700753, -3.095947635038386
546, -3.187134675436164, -3.091372224765843
547, -3.1879480020115163, -3.0877123560994835
548, -3.1875138384591692, -3.07974452947077
549, -3.187988102335875, -3.0975248399361024
550, -3.188142458836043, -3.0916358402880313
551, -3.187911334304702, -3.0833216625413438
552, -3.188341293153535, -3.087872019857063
553, -3.1872698971733686, -3.092666307975578
554, -3.1878796957961226, -3.093067936334359
555, -3.187563437413939, -3.0910247477464674
556, -3.1877542164814163, -3.0852372620201383
557, -3.187238110833757, -3.0909985314044603
558, -3.188497413998909, -3.090097010667033
559, -3.188571007651351, -3.0824604951442276
560, -3.189575171010922, -3.088487986754411
561, -3.188993065685981, -3.0858780573799716
562, -3.1881901021480847, -3.094229389996366
563, -3.188878237781436, -3.095695443644311
564, -3.1890565074528685, -3.0822229780575823
565, -3.1887833909587098, -3.089282019604095
566, -3.188800062818937, -3.091609774327012
567, -3.188508963397196, -3.0895014977607995
568, -3.189414595880018, -3.089015856704696
569, -3.1896369765813577, -3.0895270336239293
570, -3.188803733056792, -3.090875606909486
571, -3.189416668195924, -3.093270127626565
572, -3.188555554291223, -3.0950382470128996
573, -3.188938616289148, -3.0937329466230006
574, -3.1897406575745313, -3.093864621284394
575, -3.189068071729164, -3.0973648464677774
576, -3.189413540175717, -3.0940649550191255
577, -3.189585888561737, -3.092067388988439
578, -3.1902207688196262, -3.0920625767164855
579, -3.1904356850988513, -3.09360585898836
580, -3.189828551490553, -3.093498779204785
581, -3.1900686872538953, -3.0912512841953754
582, -3.1896070115164807, -3.0979493597176138
583, -3.190587620815212, -3.094104668668386
584, -3.1900140245346043, -3.0947332241695342
585, -3.1903540161391972, -3.0895327498865535
586, -3.1897179238872426, -3.0890080062120457
587, -3.1898425629393015, -3.09242924330859
588, -3.189574114916215, -3.086151458785422
589, -3.1909826828649455, -3.0943114580799023
590, -3.1909735004184228, -3.0899146672081668
591, -3.1903059389577715, -3.093983937878925
592, -3.191551391726815, -3.094672892896181
593, -3.1902447824437674, -3.093224349089193
594, -3.190976992864521, -3.094890049229143
595, -3.191103132157421, -3.0941608076733944
596, -3.1910154116253278, -3.0928589205168913
597, -3.1918854719053478, -3.0925181977773843
598, -3.1915985852558717, -3.0942723222641204
599, -3.191450027462358, -3.0925867714631075
600, -3.192049677712065, -3.097294660302643
601, -3.1908240971167574, -3.0947929978071427
602, -3.1915207835117703, -3.091407699151675
603, -3.1906709414698713, -3.094097070993694
604, -3.1920685997833305, -3.0935390368520546
605, -3.191746525600755, -3.0985702809464475
606, -3.1922897855782026, -3.089252710413982
607, -3.192539635507593, -3.095742050669049
608, -3.192205091281997, -3.0967199339026577
609, -3.1921525198602634, -3.0923048189451614
610, -3.1922211472961046, -3.0883171603413118
611, -3.192226420724351, -3.0949600994888344
612, -3.191012389801895, -3.0941268659422247
613, -3.1925499932479844, -3.0906738729709518
614, -3.192194387602358, -3.0970290740414397
615, -3.1927703605187494, -3.090196565242344
616, -3.193472980768262, -3.0930429744000794
617, -3.192794594348464, -3.0922095312997233
618, -3.192773906848389, -3.0930910829983227
619, -3.192853155167555, -3.095074840240507
620, -3.193039333289552, -3.089557573008421
621, -3.1930907108993782, -3.089024979589842
622, -3.1927379720480333, -3.0932715377197226
623, -3.192878891322536, -3.0900580039407894
624, -3.192578547233538, -3.094202508454668
625, -3.1941216364400082, -3.0847939134746474
626, -3.1918783937694504, -3.0911710084869215
627, -3.1931542808672138, -3.0968023792442967
628, -3.1926613053193194, -3.092628196216101
629, -3.1938513212064503, -3.0940655514818567
630, -3.1937000165557103, -3.0920360476809727
631, -3.194058675617899, -3.0884146034183284
632, -3.1942658523022103, -3.0945580382770306
633, -3.1940114511115127, -3.097033214675962
634, -3.1931997162233103, -3.0958646897982978
635, -3.1940127156338938, -3.096089160865927
636, -3.1929285944009336, -3.0957838090129566
637, -3.194778744100239, -3.0908848001088467
638, -3.1935513304298238, -3.0998309215531488
639, -3.1938017889001307, -3.091329609414339
640, -3.194804950918418, -3.0955385165338
641, -3.1941530609805073, -3.0870359218832313
642, -3.1940729822977305, -3.0978127361424903
643, -3.1952284379212603, -3.09390249651516
644, -3.1943895887775655, -3.0920203622527107
645, -3.195008958949313, -3.0993784361886925
646, -3.1941481989217815, -3.093967334527244
647, -3.1952395732946477, -3.086927145317607
648, -3.1945061207385286, -3.0919351646530098
649, -3.1941360242493007, -3.092153768963771
650, -3.1947255435810042, -3.0991305656562145
651, -3.194468380895966, -3.0920590769158296
652, -3.1947127985909325, -3.093871053878632
653, -3.194990304389847, -3.092596345110843
654, -3.1947378931207178, -3.0970110263932225
655, -3.1953230382433264, -3.099680252718782
656, -3.1957625439966444, -3.0940984523792063
657, -3.194540540435445, -3.0931900105202064
658, -3.1951291832401085, -3.0941830078168184
659, -3.1951303717847295, -3.099741092844274
660, -3.1954036252766973, -3.095915980937701
661, -3.1956319108418443, -3.099518636846446
662, -3.196286105487425, -3.0938952789422043
663, -3.195309324477197, -3.1008765141423043
664, -3.196725155935743, -3.0989176599264825
665, -3.195869959994041, -3.0904829429679768
666, -3.195697837392237, -3.0990311966601585
667, -3.1955965716670645, -3.091843393639398
668, -3.196731995390504, -3.0956737332221205
669, -3.1964489240532665, -3.0976338350269863
670, -3.196349747645311, -3.092698289388969
671, -3.1967696143171387, -3.094485256163916
672, -3.1957051764058626, -3.0918766888452676
673, -3.1960442550228323, -3.091913297777629
674, -3.19640096212097, -3.093371572010012
675, -3.1965594513718645, -3.0977276610709303
676, -3.1966250020729063, -3.092303443252989
677, -3.196298261134112, -3.096370804518909
678, -3.197113783878616, -3.096308320463175
679, -3.1963855852242506, -3.095045955562024
680, -3.19631303904518, -3.0947335071394946
681, -3.1961535674607604, -3.096053932769329
682, -3.1970382110947795, -3.097021235391063
683, -3.1968952994755124, -3.101182245957525
684, -3.197429469276244, -3.0917642574937045
685, -3.1969118480794925, -3.09296033150907
686, -3.1967010596452257, -3.0928451775332997
687, -3.1979514963863753, -3.0980158818824157
688, -3.196523043006608, -3.0920686076891486
689, -3.197311672556218, -3.0947922116722513
690, -3.1974761906173668, -3.0921798050827256
691, -3.197688073034773, -3.093717042950904
692, -3.1971318930547925, -3.09066913841174
693, -3.19775255871591, -3.0945494269763416
694, -3.1972409222728766, -3.097973686641811
695, -3.1973352452722383, -3.0969747753276073
696, -3.1979668889499515, -3.09401975180624
697, -3.1980503213512597, -3.0972454197281674
698, -3.1977041736305662, -3.09713459351693
699, -3.198203628291446, -3.0965293271348746
700, -3.198394469903362, -3.0970018290186188
701, -3.1973915940263278, -3.0918835918293626
702, -3.198670145003876, -3.1014652013155124
703, -3.1984288398822174, -3.0989787108064313
704, -3.197094362128876, -3.098316435634565
705, -3.1983356360904796, -3.098524828401642
706, -3.1979202742866883, -3.0916620951308227
707, -3.198778082891922, -3.0969516103637917
708, -3.198045854200915, -3.0971799640245545
709, -3.1981792104482674, -3.102228893744491
710, -3.198933605357283, -3.0997325689886774
711, -3.1982211046495705, -3.0961084634162326
712, -3.1979862301206032, -3.0980384383772015
713, -3.1977372534602257, -3.097456747712111
714, -3.198775765660673, -3.0963631039778776
715, -3.1982916955450644, -3.100446862949565
716, -3.1991595957827847, -3.0965676565010005
717, -3.1991799898772966, -3.100806491531919
718, -3.1989084270792865, -3.0965054913849923
719, -3.1988478053730938, -3.0918347735330394
720, -3.198869103927241, -3.0995460402220254
721, -3.1998546943168265, -3.09954527722761
722, -3.1992523366542946, -3.09998676626887
723, -3.1984786232925058, -3.0992698284807814
724, -3.2000658572794123, -3.0988014552130894
725, -3.1986292458700354, -3.0984427213829058
726, -3.199105616037259, -3.097583986316608
727, -3.2003192200395225, -3.0929286752116516
728, -3.198818356747699, -3.0910872868143975
729, -3.1998395951510394, -3.092879301003918
730, -3.1991206897058193, -3.1000409018254356
731, -3.1996875113458625, -3.100116976709361
732, -3.199135164118683, -3.0971370595272396
733, -3.2001230423789453, -3.0994543315380607
734, -3.199650799776541, -3.0957944619729116
735, -3.2006951072478804, -3.0992694472259616
736, -3.1994184719051146, -3.100190231272185
737, -3.2002715905085974, -3.095873453313133
738, -3.200137029229077, -3.1007355557276393
739, -3.2003484899351466, -3.0983238538674094
740, -3.200771038168056, -3.100460944180842
741, -3.2001681706250937, -3.10182740027603
742, -3.199970178241855, -3.1000779190269996
743, -3.200353662491671, -3.1001329254771797
744, -3.2012305187477956, -3.0965470706218947
745, -3.2001015219448914, -3.095334605470874
746, -3.200772764025084, -3.101129084715268
747, -3.200830002145901, -3.0993916883152863
748, -3.2007587566858704, -3.0985460157371203
749, -3.200377481105072, -3.0968747292375243
750, -3.2005218642941786, -3.0937268297571188
751, -3.200079120987085, -3.101845585272365
752, -3.2005131999490763, -3.0995995803439556
753, -3.2010157368051315, -3.0931952739202857
754, -3.2007062632847245, -3.0942483274084447
755, -3.200902062259652, -3.098159224260776
756, -3.201789240224813, -3.0986616762111034
757, -3.2014872556206573, -3.0953335349936144
758, -3.201080678360488, -3.100524092330092
759, -3.2019645591967976, -3.1011621741116198
760, -3.201645882957544, -3.10257681162063
761, -3.2016176917120207, -3.0994686031249854
762, -3.200514282982761, -3.097646844108057
763, -3.202245651789372, -3.0977064186495924
764, -3.200878696612032, -3.1003360130919733
765, -3.2010758987807795, -3.0983869456698176
766, -3.2014661096860184, -3.099942597163143
767, -3.2015257712041034, -3.100290948610402
768, -3.2016989727243224, -3.0978678681150953
769, -3.201910471157017, -3.1016100382645453
770, -3.2017202908962346, -3.1034926434656684
771, -3.2015459148476424, -3.1005611826070587
772, -3.2018991634227, -3.0948322749178936
773, -3.2019431485422265, -3.103003384804094
774, -3.2023163763053386, -3.1011122059460146
775, -3.201776085102996, -3.104440696611326
776, -3.20179310235459, -3.096564656964019
777, -3.20221875049838, -3.095489128204041
778, -3.202333696706668, -3.100424945561301
779, -3.2030699284825936, -3.095752324425031
780, -3.2024713177437114, -3.101930224237281
781, -3.2024320332871454, -3.0947602957973146
782, -3.202708631125984, -3.095599661270988
783, -3.202779955272643, -3.099479537575706
784, -3.2023353885038284, -3.1008732614759427
785, -3.201899606068684, -3.0985736432915485
786, -3.2020856377959763, -3.1049911946380493
787, -3.202206709891497, -3.0950098996069593
788, -3.2033042992237153, -3.098819133083585
789, -3.2020432081417667, -3.1021563499730243
790, -3.201614796281159, -3.09667805387339
791, -3.2032832261093382, -3.0989202313192807
792, -3.2022607945663735, -3.096789711336998
793, -3.202952730017645, -3.1015032981728847
794, -3.2027737456954535, -3.103724270788947
795, -3.203307690395105, -3.1031409461244515
796, -3.202410921877968, -3.096750604268589
797, -3.203816262037127, -3.0967441288822255
798, -3.2029700758169497, -3.0973463103981067
799, -3.203316168439431, -3.099403447135506
800, -3.203020059796786, -3.1001320659478147
801, -3.203035431329722, -3.099273513961294
802, -3.203650294772091, -3.0994154287473714
803, -3.2027926972804726, -3.1008552765840465
804, -3.2039924013701078, -3.097813496099135
805, -3.2034587858769004, -3.097833508769379
806, -3.202866858346723, -3.0956636188677153
807, -3.2036363963260017, -3.1053687522090896
808, -3.20378263510607, -3.0984829008233747
809, -3.2038136752576816, -3.1026344088021407
810, -3.203701367301062, -3.1009084362097816
811, -3.2033728544740487, -3.1013825046353753
812, -3.203713732281539, -3.1009286876887794
813, -3.2030813474420823, -3.1016451768885833
814, -3.2042375062912423, -3.102806061044247
815, -3.2035029696355872, -3.094893886445236
816, -3.2041890405845166, -3.101966763449757
817, -3.20387224533592, -3.0987662920372347
818, -3.2042739198127523, -3.0975837964276987
819, -3.2048897705725747, -3.1026585192844927
820, -3.202512580322275, -3.101543378524491
821, -3.203467509187927, -3.0963413601544514
822, -3.2046618728405214, -3.1029498079353632
823, -3.204801287005788, -3.1002521937115297
824, -3.2040636535884053, -3.103425758313648
825, -3.204692530397194, -3.0972957039975895
826, -3.2038725283023304, -3.0980419550149545
827, -3.205182940399794, -3.0937353620245367
828, -3.2038551059999922, -3.1012027655124865
829, -3.2052178518593735, -3.1025613170735937
830, -3.2050102490239074, -3.0983333012020773
831, -3.204919755357725, -3.1032484422237223
832, -3.2045298311402983, -3.097917052627983
833, -3.2050438900799545, -3.0997936709207674
834, -3.2049272923995766, -3.1045080919920296
835, -3.2047617102199406, -3.1017633913112457
836, -3.2050685753557664, -3.099837538566695
837, -3.2052089716749492, -3.1010344891138972
838, -3.205471682928349, -3.097796207414468
839, -3.2049980902471935, -3.09952563058307
840, -3.2046187858247337, -3.10454976917827
841, -3.2060301221666836, -3.1032604021282464
842, -3.2056963120591377, -3.1059100082685527
843, -3.204951241610371, -3.1032856376454996
844, -3.2055763330669373, -3.101046675316769
845, -3.2046489543861565, -3.10112053357438
846, -3.206167375484359, -3.0990871504537005
847, -3.2055928505343902, -3.0989838543302564
848, -3.2050237861957873, -3.0979799269708788
849, -3.2061571348406934, -3.098459211311259
850, -3.2053168843007356, -3.1015391627277813
851, -3.205950951038465, -3.1018820534383122
852, -3.205690425983617, -3.1030684421601835
853, -3.2063321530053237, -3.1023547225899573
854, -3.206061729654669, -3.1023576663911747
855, -3.2057697526322633, -3.101768248375698
856, -3.205635912537104, -3.104632299235129
857, -3.2063767927057585, -3.103132515554465
858, -3.205663919335509, -3.103544779324875
859, -3.205803371366454, -3.1001614182467496
860, -3.2069460054083767, -3.098619227840533
861, -3.2059239411027822, -3.1009064589506234
862, -3.2058160805754716, -3.1008552765840465
863, -3.2060658737375456, -3.100851131235858
864, -3.20655539740533, -3.104055785245784
865, -3.2064770251428967, -3.0998703388098017
866, -3.205583435095122, -3.100015153973195
867, -3.2055177761983535, -3.096029681604375
868, -3.2071316459698624, -3.106528144550784
869, -3.20666177367002, -3.102268273325865
870, -3.2068217735802738, -3.1056536110020914
871, -3.2064539269358243, -3.0983103806751835
872, -3.206299468921298, -3.1043018552264683
873, -3.207568595087744, -3.104952565271677
874, -3.2063040217805714, -3.1062512997728593
875, -3.2065356708283583, -3.1049959913575202
876, -3.2064852399422588, -3.0984138972234816
877, -3.2067357032304464, -3.103461878224303
878, -3.2069032203836345, -3.105278898336895
879, -3.2063266648343043, -3.1003305987374907
880, -3.2072147803524826, -3.0909694490145614
881, -3.2067381447074226, -3.1025474236729833
882, -3.2070118398870524, -3.0971123368266134
883, -3.207251607330529, -3.108594770560439
884, -3.2069880617811695, -3.107191746308508
885, -3.2071322161662024, -3.1044722708167454
886, -3.2077498115756233, -3.099364390011551
887, -3.207028900665842, -3.1000574843777127
888, -3.2057406834577598, -3.0991859287170436
889, -3.206811598891035, -3.1042563773670664
890, -3.207939223648348, -3.099446448991771
891, -3.207610956436752, -3.1009346516901553
892, -3.208220536517375, -3.103325401791843
893, -3.20689947536801, -3.0979245907339363
894, -3.207046369317549, -3.1014557175377706
895, -3.2074356260504926, -3.0956447141639853
896, -3.208246832173417, -3.1045262287944997
897, -3.208040960156651, -3.105590099477258
898, -3.2072191798714496, -3.1047060620860196
899, -3.208468571128845, -3.099802100545056
900, -3.207391284915102, -3.098008247154475
901, -3.20773504718732, -3.0975468329677778
902, -3.2070310587595974, -3.107240833290254
903, -3.207849749499398, -3.1007782114651836
904, -3.207923759174087, -3.1004360952572267
905, -3.2079357145109015, -3.1028802191441445
906, -3.2077372903631507, -3.1047464069475814
907, -3.2073982129190903, -3.096570182442948
908, -3.2077679210687613, -3.0987955204340647
909, -3.208467917467677, -3.102462312286889
910, -3.207688269415108, -3.1062624386245874
911, -3.208561114966973, -3.104087749112168
912, -3.208449901318984, -3.107244813558974
913, -3.208776554949631, -3.108199123829591
914, -3.208008596139393, -3.101716676793995
915, -3.2081573354590627, -3.109665412873745
916, -3.208173053209271, -3.099452583380368
917, -3.208200979134865, -3.104578231592161
918, -3.2084959440734773, -3.102597461204763
919, -3.208765762015066, -3.1026574626217625
920, -3.208882290833765, -3.1059250420385114
921, -3.2088818410133007, -3.1084254555718167
922, -3.208410235743735, -3.1043976796469206
923, -3.2098975769850027, -3.0918780944213684
924, -3.2083157637479136, -3.101460666958229
925, -3.2091062365921386, -3.1017255591949326
926, -3.2097718424667314, -3.1011397100614744
927, -3.2082632881842668, -3.104017335349799
928, -3.2090753886202035, -3.1062976005264877
929, -3.208792049820849, -3.100860984474378
930, -3.209549273444983, -3.099604095311585
931, -3.2092394726295628, -3.10097614682253
932, -3.2093597720862066, -3.104473428366878
933, -3.209933443404342, -3.102556195030861
934, -3.208380090695461, -3.1014632853841237
935, -3.2088878522889077, -3.1000185275232996
936, -3.2102246243801633, -3.099312975980116
937, -3.2094412868449615, -3.105679050456482
938, -3.209112660119221, -3.1002438508742647
939, -3.2091041499891353, -3.1016288211026177
940, -3.209482725626531, -3.1033567667272637
941, -3.208610602346817, -3.1057852093575318
942, -3.2093463037671945, -3.10333896732948
943, -3.20987261570525, -3.10486134922181
944, -3.2095308028434775, -3.102523255336999
945, -3.2096964929701417, -3.104247314504108
946, -3.2093906812059414, -3.1060884145975716
947, -3.209837123153842, -3.1040244019091054
948, -3.2089835531880184, -3.104626670225493
949, -3.2097345143556373, -3.1059632095046514
950, -3.208823000334664, -3.107840711951348
951, -3.2109905158382968, -3.101592501960235
952, -3.2098330248936016, -3.1059059756934566
953, -3.209862164363978, -3.0963361847168214
954, -3.2101716715899973, -3.105725677203282
955, -3.2092212198224823, -3.1006312294155225
956, -3.209590149098682, -3.09794483024549
957, -3.209969107809661, -3.1055590885948114
958, -3.210038149302613, -3.106561712509679
959, -3.210673936888205, -3.10877788807658
960, -3.2102914090641903, -3.1030398862289874
961, -3.2100814493305005, -3.102719682023555
962, -3.2091669161189955, -3.108614442251227
963, -3.209999937333832, -3.106478168960906
964, -3.210876008139181, -3.1050206518389
965, -3.209868517110069, -3.104004294637693
966, -3.2097158719888466, -3.1046065672152126
967, -3.2110458699960462, -3.106215302249103
968, -3.2112288313647417, -3.102709466286267
969, -3.2109085043855297, -3.107172527208776
970, -3.2110110211215463, -3.10611904370917
971, -3.210462191550593, -3.101048940329332
972, -3.210774632190062, -3.1058927491099615
973, -3.21097112095031, -3.1024779313292408
974, -3.210333667578224, -3.1035436242472767
975, -3.2108085584590613, -3.1070696838880583
976, -3.2110100348733353, -3.1026760026228395
977, -3.2103618148505904, -3.107368478940358
978, -3.2114186977553127, -3.10523856840201
979, -3.211194790027969, -3.103262005357641
980, -3.210728552568063, -3.1025182297724707
981, -3.2113715215520395, -3.1052620830046633
982, -3.2100213799023334, -3.1057762757890615
983, -3.2116954830223787, -3.1042722539019976
984, -3.210292516759166, -3.104941073698305
985, -3.211360047034179, -3.1072021327416683
986, -3.2109263352175237, -3.1064164746457856
987, -3.2106051226981855, -3.1066876720259873
988, -3.2111696718634968, -3.105788821538473
989, -3.2103358421566908, -3.1052099338448693
990, -3.2114678947908635, -3.1099131199287506
991, -3.2109632728413704, -3.0960045803943568
992, -3.211564495150969, -3.106208167668194
993, -3.2114200551238397, -3.102333316635551
994, -3.2119901134394393, -3.0948146327978114
995, -3.211429680222366, -3.108468548850286
996, -3.2117714683307903, -3.105149546564543
997, -3.2119778400447783, -3.106621585579613
998, -3.2116458486617154, -3.1101907783104616
999, -3.2128763614519333, -3.099675800561267
